{"modelsMap":{"DirectionsResponse":{"name":"DirectionsResponse","rootArray":false,"properties":{"status":{"name":"status","list":false,"primitiveType":"String","modelRef":null},"route":{"name":"route","list":false,"primitiveType":null,"modelRef":"route"}}},"route":{"name":"route","rootArray":false,"properties":{"summary":{"name":"summary","list":false,"primitiveType":"String","modelRef":null},"leg":{"name":"leg","list":false,"primitiveType":null,"modelRef":"leg"},"copyrights":{"name":"copyrights","list":false,"primitiveType":"String","modelRef":null},"overview_polyline":{"name":"overview_polyline","list":true,"primitiveType":"String","modelRef":null},"bounds":{"name":"bounds","list":false,"primitiveType":null,"modelRef":"bounds"}}},"leg":{"name":"leg","rootArray":false,"properties":{"step":{"name":"step","list":true,"primitiveType":null,"modelRef":"stepEntryItem"},"duration":{"name":"duration","list":false,"primitiveType":null,"modelRef":"duration"},"distance":{"name":"distance","list":false,"primitiveType":null,"modelRef":"distance"},"start_location":{"name":"start_location","list":false,"primitiveType":null,"modelRef":"start_location"},"end_location":{"name":"end_location","list":false,"primitiveType":null,"modelRef":"end_location"},"start_address":{"name":"start_address","list":false,"primitiveType":"String","modelRef":null},"end_address":{"name":"end_address","list":false,"primitiveType":"String","modelRef":null}}},"stepEntryItem":{"name":"stepEntryItem","rootArray":false,"properties":{"travel_mode":{"name":"travel_mode","list":false,"primitiveType":"String","modelRef":null},"start_location":{"name":"start_location","list":false,"primitiveType":null,"modelRef":"start_location"},"end_location":{"name":"end_location","list":false,"primitiveType":null,"modelRef":"end_location"},"polyline":{"name":"polyline","list":true,"primitiveType":"String","modelRef":null},"duration":{"name":"duration","list":false,"primitiveType":null,"modelRef":"duration"},"html_instructions":{"name":"html_instructions","list":false,"primitiveType":"String","modelRef":null},"distance":{"name":"distance","list":false,"primitiveType":null,"modelRef":"distance"},"maneuver":{"name":"maneuver","list":false,"primitiveType":"String","modelRef":null}}},"start_location":{"name":"start_location","rootArray":false,"properties":{"lat":{"name":"lat","list":false,"primitiveType":"String","modelRef":null},"lng":{"name":"lng","list":false,"primitiveType":"String","modelRef":null}}},"end_location":{"name":"end_location","rootArray":false,"properties":{"lat":{"name":"lat","list":false,"primitiveType":"String","modelRef":null},"lng":{"name":"lng","list":false,"primitiveType":"String","modelRef":null}}},"duration":{"name":"duration","rootArray":false,"properties":{"value":{"name":"value","list":false,"primitiveType":"String","modelRef":null},"text":{"name":"text","list":false,"primitiveType":"String","modelRef":null}}},"distance":{"name":"distance","rootArray":false,"properties":{"value":{"name":"value","list":false,"primitiveType":"String","modelRef":null},"text":{"name":"text","list":false,"primitiveType":"String","modelRef":null}}},"bounds":{"name":"bounds","rootArray":false,"properties":{"southwest":{"name":"southwest","list":false,"primitiveType":null,"modelRef":"southwest"},"northeast":{"name":"northeast","list":false,"primitiveType":null,"modelRef":"northeast"}}},"southwest":{"name":"southwest","rootArray":false,"properties":{"lat":{"name":"lat","list":false,"primitiveType":"String","modelRef":null},"lng":{"name":"lng","list":false,"primitiveType":"String","modelRef":null}}},"northeast":{"name":"northeast","rootArray":false,"properties":{"lat":{"name":"lat","list":false,"primitiveType":"String","modelRef":null},"lng":{"name":"lng","list":false,"primitiveType":"String","modelRef":null}}}},"rootModelRef":"DirectionsResponse"}