{"categoryId":0,"version":null,"apiId":0,"name":null,"description":null,"baseURL":"http://maps.googleapis.com","endPoints":[{"endPointId":0,"name":null,"description":null,"relativePath":null,"docLink":null,"operations":[{"apiMethodId":0,"name":"invoke","description":null,"notes":null,"docLink":null,"relativePath":"/maps/api/directions/xml","httpMethod":"GET","produces":null,"consumes":[],"parameters":[{"idParameter":0,"name":"origin","description":null,"fullyQualifiedType":null,"format":null,"index":0,"docLink":null,"defaultValue":null,"parameterType":"QUERY","allowableValues":null,"minimum":0.0,"maximum":0.0,"array":false,"optional":false},{"idParameter":0,"name":"destination","description":null,"fullyQualifiedType":null,"format":null,"index":0,"docLink":null,"defaultValue":null,"parameterType":"QUERY","allowableValues":null,"minimum":0.0,"maximum":0.0,"array":false,"optional":false},{"idParameter":0,"name":"sensor","description":null,"fullyQualifiedType":null,"format":null,"index":0,"docLink":null,"defaultValue":null,"parameterType":"QUERY","allowableValues":null,"minimum":0.0,"maximum":0.0,"array":false,"optional":false}],"returnType":null,"policy":null,"deprecated":false,"returnTypeArray":false}]}],"relativePath":null}