<?xml version="1.0" encoding="UTF-8" standalone="yes"?>
<beans xsi:schemaLocation="http://www.springframework.org/schema/beans http://www.springframework.org/schema/beans/spring-beans.xsd http://www.springframework.org/schema/mvc http://www.springframework.org/schema/mvc/spring-mvc-3.2.xsd http://www.springframework.org/schema/context http://www.springframework.org/schema/context/spring-context-3.2.xsd http://www.springframework.org/schema/tx http://www.springframework.org/schema/tx/spring-tx-3.2.xsd" xmlns="http://www.springframework.org/schema/beans" xmlns:xsi="http://www.w3.org/2001/XMLSchema-instance">
    <import resource="classpath:springapp.xml"/>
    <import resource="classpath:project-rest-service.xml"/>
    <import resource="classpath:prefab-dispatcher-servlet.xml"/>
    <import resource="classpath:googleapis.spring.xml"/>
    <bean class="org.springframework.web.servlet.handler.SimpleUrlHandlerMapping" id="urlMapping">
        <property name="mappings">
            <value>
                /**/*.json=agJSONController
                /**/*.download=agFileDownloadController
                /**/*.flashUploader=agFlashFileUploadController
                /**/*.upload=agFileUploadController
            </value>
        </property>
        <property name="alwaysUseFullPath" value="true"/>
    </bean>
</beans>
